Workbook

Sheet Resumo
A1: Ember — resumo da evolução
A2: Foto do elenco em 30/08/2026. Quatro abas: este resumo, bases editáveis, stats calculados, habilidades e campanha.
A4: Herói | B4: Função | C4: HP 1 → 5 | D4: Ofensiva 1 → 5 | E4: O que destrava
A5: Kael | B5: Espadachim de linha | C5: ='Stats por nível'!C5&" → "&'Stats por nível'!C9 -> 24 → 40 | D5: ="AT "&'Stats por nível'!D5&" → "&'Stats por nível'!D9 -> AT 8 → 16 | E5: Ainda sem habilidade especial
A6: Neera | B6: Arqueira de alcance 2–3 | C6: ='Stats por nível'!C10&" → "&'Stats por nível'!C14 -> 24 → 36 | D6: ="AT "&'Stats por nível'!D10&" → "&'Stats por nível'!D14 -> AT 8 → 16 | E6: Nv 3: Tiro longo e Perfurante passam a 2 usos
A7: Voss | B7: Mago de área e raio | C7: ='Stats por nível'!C15&" → "&'Stats por nível'!C19 -> 22 → 34 | D7: ="MAG "&'Stats por nível'!E15&" → "&'Stats por nível'!E19 -> MAG 10 → 18 | E7: Nv 4: Relâmpago (MAG + 2d8, alvo único)
A8: Salazar | B8: Clérigo de cura curta | C8: ='Stats por nível'!C20&" → "&'Stats por nível'!C24 -> 26 → 38 | D8: ="MAG "&'Stats por nível'!E20&" → "&'Stats por nível'!E24 -> MAG 8 → 16 | E8: Entra no Templo. Cura menor 4–11 ×2; simples 6–27 ×1
A10: Como usar: mude HP/AT/crescimento na aba Crescimento (células amarelas). Stats por nível e este resumo recalculam sozinhos. Habilidades e Campanha são o desenho atual — não dependem das células amarelas.

Sheet Crescimento
A1: Ember — evolução dos quatro heróis
A2: Valores-base e crescimento por nível. Células amarelas são entradas: altere-as e a aba Stats recalcula. Nível máximo 5. Crescimento aplica-se a partir do nível 2 (n = nível − 1).
A4: Herói | B4: Classe | C4: Papel | D4: HP base | E4: AT base | F4: MAG base | G4: DF base | H4: RES base | I4: Mov | J4: Alcance mín | K4: Alcance máx | L4: Sprite
A5: Kael | B5: Espadachim | C5: Linha de frente | D5: 24 | E5: 8 | F5: 0 | G5: 3 | H5: 4 | I5: 4 | J5: 1 | K5: 1 | L5: kael
A6: Neera | B6: Arqueira | C6: Alcance | D6: 24 | E6: 8 | F6: 0 | G6: 3 | H6: 4 | I6: 4 | J6: 2 | K6: 3 | L6: nira
A7: Voss | B7: Mago | C7: Magia | D7: 22 | E7: 3 | F7: 10 | G7: 2 | H7: 6 | I7: 3 | J7: 1 | K7: 2 | L7: voss
A8: Salazar | B8: Clérigo | C8: Cura | D8: 26 | E8: 4 | F8: 8 | G8: 3 | H8: 6 | I8: 3 | J8: 1 | K8: 1 | L8: salazar
A10: Crescimento por nível (soma-se a cada nível acima de 1)
A11: Herói | B11: HP / nv | C11: AT / nv | D11: MAG / nv | E11: DF / nv | F11: RES / nv
A12: Kael | B12: 4 | C12: 2 | D12: 0 | E12: 1 | F12: 0
A13: Neera | B13: 3 | C13: 2 | D13: 0 | E13: 1 | F13: 0
A14: Voss | B14: 3 | C14: 0 | D14: 2 | E14: 0 | F14: 1
A15: Salazar | B15: 3 | C15: 0 | D15: 2 | E15: 0 | F15: 1
A17: Nível máximo | B17: 5
A19: Fórmula do jogo: stat = base + crescimento × (nível − 1), com nível limitado entre 1 e 5. Movimento e alcance não sobem com o nível. Descanso entre missões: recupera metade do HP perdido (arredondado para cima). Quem cai volta com 50% do HP máximo. Poções (todos salvo Salazar): média 2d8+4 (6–20) ×2 no início; fraca 1d8+2 (3–10) ×2 no início.

Sheet Stats por nível
A1: Stats por nível (1 a 5)
A2: Calculado a partir da aba Crescimento. Altere as bases lá e estes números acompanham.
A4: Herói | B4: Nível | C4: HP | D4: AT | E4: MAG | F4: DF | G4: RES | H4: Mov | J4: Nv | K4: Kael | L4: Neera | M4: Voss | N4: Salazar
A5: =Crescimento!A5 -> Kael | B5: 1 | C5: =Crescimento!D5+Crescimento!B12*MAX(0,MIN(Crescimento!$B$17,1)-1) -> 24 | D5: =Crescimento!E5+Crescimento!C12*MAX(0,MIN(Crescimento!$B$17,1)-1) -> 8 | E5: =Crescimento!F5+Crescimento!D12*MAX(0,MIN(Crescimento!$B$17,1)-1) -> 0 | F5: =Crescimento!G5+Crescimento!E12*MAX(0,MIN(Crescimento!$B$17,1)-1) -> 3 | G5: =Crescimento!H5+Crescimento!F12*MAX(0,MIN(Crescimento!$B$17,1)-1) -> 4 | H5: =Crescimento!I5 -> 4 | J5: 1 | K5: =C5 -> 24 | L5: =C10 -> 24 | M5: =C15 -> 22 | N5: =C20 -> 26
A6: =Crescimento!A5 -> Kael | B6: 2 | C6: =Crescimento!D5+Crescimento!B12*MAX(0,MIN(Crescimento!$B$17,2)-1) -> 28 | D6: =Crescimento!E5+Crescimento!C12*MAX(0,MIN(Crescimento!$B$17,2)-1) -> 10 | E6: =Crescimento!F5+Crescimento!D12*MAX(0,MIN(Crescimento!$B$17,2)-1) -> 0 | F6: =Crescimento!G5+Crescimento!E12*MAX(0,MIN(Crescimento!$B$17,2)-1) -> 4 | G6: =Crescimento!H5+Crescimento!F12*MAX(0,MIN(Crescimento!$B$17,2)-1) -> 4 | H6: =Crescimento!I5 -> 4 | J6: 2 | K6: =C6 -> 28 | L6: =C11 -> 27 | M6: =C16 -> 25 | N6: =C21 -> 29
A7: =Crescimento!A5 -> Kael | B7: 3 | C7: =Crescimento!D5+Crescimento!B12*MAX(0,MIN(Crescimento!$B$17,3)-1) -> 32 | D7: =Crescimento!E5+Crescimento!C12*MAX(0,MIN(Crescimento!$B$17,3)-1) -> 12 | E7: =Crescimento!F5+Crescimento!D12*MAX(0,MIN(Crescimento!$B$17,3)-1) -> 0 | F7: =Crescimento!G5+Crescimento!E12*MAX(0,MIN(Crescimento!$B$17,3)-1) -> 5 | G7: =Crescimento!H5+Crescimento!F12*MAX(0,MIN(Crescimento!$B$17,3)-1) -> 4 | H7: =Crescimento!I5 -> 4 | J7: 3 | K7: =C7 -> 32 | L7: =C12 -> 30 | M7: =C17 -> 28 | N7: =C22 -> 32
A8: =Crescimento!A5 -> Kael | B8: 4 | C8: =Crescimento!D5+Crescimento!B12*MAX(0,MIN(Crescimento!$B$17,4)-1) -> 36 | D8: =Crescimento!E5+Crescimento!C12*MAX(0,MIN(Crescimento!$B$17,4)-1) -> 14 | E8: =Crescimento!F5+Crescimento!D12*MAX(0,MIN(Crescimento!$B$17,4)-1) -> 0 | F8: =Crescimento!G5+Crescimento!E12*MAX(0,MIN(Crescimento!$B$17,4)-1) -> 6 | G8: =Crescimento!H5+Crescimento!F12*MAX(0,MIN(Crescimento!$B$17,4)-1) -> 4 | H8: =Crescimento!I5 -> 4 | J8: 4 | K8: =C8 -> 36 | L8: =C13 -> 33 | M8: =C18 -> 31 | N8: =C23 -> 35
A9: =Crescimento!A5 -> Kael | B9: 5 | C9: =Crescimento!D5+Crescimento!B12*MAX(0,MIN(Crescimento!$B$17,5)-1) -> 40 | D9: =Crescimento!E5+Crescimento!C12*MAX(0,MIN(Crescimento!$B$17,5)-1) -> 16 | E9: =Crescimento!F5+Crescimento!D12*MAX(0,MIN(Crescimento!$B$17,5)-1) -> 0 | F9: =Crescimento!G5+Crescimento!E12*MAX(0,MIN(Crescimento!$B$17,5)-1) -> 7 | G9: =Crescimento!H5+Crescimento!F12*MAX(0,MIN(Crescimento!$B$17,5)-1) -> 4 | H9: =Crescimento!I5 -> 4 | J9: 5 | K9: =C9 -> 40 | L9: =C14 -> 36 | M9: =C19 -> 34 | N9: =C24 -> 38
A10: =Crescimento!A6 -> Neera | B10: 1 | C10: =Crescimento!D6+Crescimento!B13*MAX(0,MIN(Crescimento!$B$17,1)-1) -> 24 | D10: =Crescimento!E6+Crescimento!C13*MAX(0,MIN(Crescimento!$B$17,1)-1) -> 8 | E10: =Crescimento!F6+Crescimento!D13*MAX(0,MIN(Crescimento!$B$17,1)-1) -> 0 | F10: =Crescimento!G6+Crescimento!E13*MAX(0,MIN(Crescimento!$B$17,1)-1) -> 3 | G10: =Crescimento!H6+Crescimento!F13*MAX(0,MIN(Crescimento!$B$17,1)-1) -> 4 | H10: =Crescimento!I6 -> 4
A11: =Crescimento!A6 -> Neera | B11: 2 | C11: =Crescimento!D6+Crescimento!B13*MAX(0,MIN(Crescimento!$B$17,2)-1) -> 27 | D11: =Crescimento!E6+Crescimento!C13*MAX(0,MIN(Crescimento!$B$17,2)-1) -> 10 | E11: =Crescimento!F6+Crescimento!D13*MAX(0,MIN(Crescimento!$B$17,2)-1) -> 0 | F11: =Crescimento!G6+Crescimento!E13*MAX(0,MIN(Crescimento!$B$17,2)-1) -> 4 | G11: =Crescimento!H6+Crescimento!F13*MAX(0,MIN(Crescimento!$B$17,2)-1) -> 4 | H11: =Crescimento!I6 -> 4
A12: =Crescimento!A6 -> Neera | B12: 3 | C12: =Crescimento!D6+Crescimento!B13*MAX(0,MIN(Crescimento!$B$17,3)-1) -> 30 | D12: =Crescimento!E6+Crescimento!C13*MAX(0,MIN(Crescimento!$B$17,3)-1) -> 12 | E12: =Crescimento!F6+Crescimento!D13*MAX(0,MIN(Crescimento!$B$17,3)-1) -> 0 | F12: =Crescimento!G6+Crescimento!E13*MAX(0,MIN(Crescimento!$B$17,3)-1) -> 5 | G12: =Crescimento!H6+Crescimento!F13*MAX(0,MIN(Crescimento!$B$17,3)-1) -> 4 | H12: =Crescimento!I6 -> 4
A13: =Crescimento!A6 -> Neera | B13: 4 | C13: =Crescimento!D6+Crescimento!B13*MAX(0,MIN(Crescimento!$B$17,4)-1) -> 33 | D13: =Crescimento!E6+Crescimento!C13*MAX(0,MIN(Crescimento!$B$17,4)-1) -> 14 | E13: =Crescimento!F6+Crescimento!D13*MAX(0,MIN(Crescimento!$B$17,4)-1) -> 0 | F13: =Crescimento!G6+Crescimento!E13*MAX(0,MIN(Crescimento!$B$17,4)-1) -> 6 | G13: =Crescimento!H6+Crescimento!F13*MAX(0,MIN(Crescimento!$B$17,4)-1) -> 4 | H13: =Crescimento!I6 -> 4
A14: =Crescimento!A6 -> Neera | B14: 5 | C14: =Crescimento!D6+Crescimento!B13*MAX(0,MIN(Crescimento!$B$17,5)-1) -> 36 | D14: =Crescimento!E6+Crescimento!C13*MAX(0,MIN(Crescimento!$B$17,5)-1) -> 16 | E14: =Crescimento!F6+Crescimento!D13*MAX(0,MIN(Crescimento!$B$17,5)-1) -> 0 | F14: =Crescimento!G6+Crescimento!E13*MAX(0,MIN(Crescimento!$B$17,5)-1) -> 7 | G14: =Crescimento!H6+Crescimento!F13*MAX(0,MIN(Crescimento!$B$17,5)-1) -> 4 | H14: =Crescimento!I6 -> 4
A15: =Crescimento!A7 -> Voss | B15: 1 | C15: =Crescimento!D7+Crescimento!B14*MAX(0,MIN(Crescimento!$B$17,1)-1) -> 22 | D15: =Crescimento!E7+Crescimento!C14*MAX(0,MIN(Crescimento!$B$17,1)-1) -> 3 | E15: =Crescimento!F7+Crescimento!D14*MAX(0,MIN(Crescimento!$B$17,1)-1) -> 10 | F15: =Crescimento!G7+Crescimento!E14*MAX(0,MIN(Crescimento!$B$17,1)-1) -> 2 | G15: =Crescimento!H7+Crescimento!F14*MAX(0,MIN(Crescimento!$B$17,1)-1) -> 6 | H15: =Crescimento!I7 -> 3
A16: =Crescimento!A7 -> Voss | B16: 2 | C16: =Crescimento!D7+Crescimento!B14*MAX(0,MIN(Crescimento!$B$17,2)-1) -> 25 | D16: =Crescimento!E7+Crescimento!C14*MAX(0,MIN(Crescimento!$B$17,2)-1) -> 3 | E16: =Crescimento!F7+Crescimento!D14*MAX(0,MIN(Crescimento!$B$17,2)-1) -> 12 | F16: =Crescimento!G7+Crescimento!E14*MAX(0,MIN(Crescimento!$B$17,2)-1) -> 2 | G16: =Crescimento!H7+Crescimento!F14*MAX(0,MIN(Crescimento!$B$17,2)-1) -> 7 | H16: =Crescimento!I7 -> 3
A17: =Crescimento!A7 -> Voss | B17: 3 | C17: =Crescimento!D7+Crescimento!B14*MAX(0,MIN(Crescimento!$B$17,3)-1) -> 28 | D17: =Crescimento!E7+Crescimento!C14*MAX(0,MIN(Crescimento!$B$17,3)-1) -> 3 | E17: =Crescimento!F7+Crescimento!D14*MAX(0,MIN(Crescimento!$B$17,3)-1) -> 14 | F17: =Crescimento!G7+Crescimento!E14*MAX(0,MIN(Crescimento!$B$17,3)-1) -> 2 | G17: =Crescimento!H7+Crescimento!F14*MAX(0,MIN(Crescimento!$B$17,3)-1) -> 8 | H17: =Crescimento!I7 -> 3
A18: =Crescimento!A7 -> Voss | B18: 4 | C18: =Crescimento!D7+Crescimento!B14*MAX(0,MIN(Crescimento!$B$17,4)-1) -> 31 | D18: =Crescimento!E7+Crescimento!C14*MAX(0,MIN(Crescimento!$B$17,4)-1) -> 3 | E18: =Crescimento!F7+Crescimento!D14*MAX(0,MIN(Crescimento!$B$17,4)-1) -> 16 | F18: =Crescimento!G7+Crescimento!E14*MAX(0,MIN(Crescimento!$B$17,4)-1) -> 2 | G18: =Crescimento!H7+Crescimento!F14*MAX(0,MIN(Crescimento!$B$17,4)-1) -> 9 | H18: =Crescimento!I7 -> 3
A19: =Crescimento!A7 -> Voss | B19: 5 | C19: =Crescimento!D7+Crescimento!B14*MAX(0,MIN(Crescimento!$B$17,5)-1) -> 34 | D19: =Crescimento!E7+Crescimento!C14*MAX(0,MIN(Crescimento!$B$17,5)-1) -> 3 | E19: =Crescimento!F7+Crescimento!D14*MAX(0,MIN(Crescimento!$B$17,5)-1) -> 18 | F19: =Crescimento!G7+Crescimento!E14*MAX(0,MIN(Crescimento!$B$17,5)-1) -> 2 | G19: =Crescimento!H7+Crescimento!F14*MAX(0,MIN(Crescimento!$B$17,5)-1) -> 10 | H19: =Crescimento!I7 -> 3
A20: =Crescimento!A8 -> Salazar | B20: 1 | C20: =Crescimento!D8+Crescimento!B15*MAX(0,MIN(Crescimento!$B$17,1)-1) -> 26 | D20: =Crescimento!E8+Crescimento!C15*MAX(0,MIN(Crescimento!$B$17,1)-1) -> 4 | E20: =Crescimento!F8+Crescimento!D15*MAX(0,MIN(Crescimento!$B$17,1)-1) -> 8 | F20: =Crescimento!G8+Crescimento!E15*MAX(0,MIN(Crescimento!$B$17,1)-1) -> 3 | G20: =Crescimento!H8+Crescimento!F15*MAX(0,MIN(Crescimento!$B$17,1)-1) -> 6 | H20: =Crescimento!I8 -> 3
A21: =Crescimento!A8 -> Salazar | B21: 2 | C21: =Crescimento!D8+Crescimento!B15*MAX(0,MIN(Crescimento!$B$17,2)-1) -> 29 | D21: =Crescimento!E8+Crescimento!C15*MAX(0,MIN(Crescimento!$B$17,2)-1) -> 4 | E21: =Crescimento!F8+Crescimento!D15*MAX(0,MIN(Crescimento!$B$17,2)-1) -> 10 | F21: =Crescimento!G8+Crescimento!E15*MAX(0,MIN(Crescimento!$B$17,2)-1) -> 3 | G21: =Crescimento!H8+Crescimento!F15*MAX(0,MIN(Crescimento!$B$17,2)-1) -> 7 | H21: =Crescimento!I8 -> 3
A22: =Crescimento!A8 -> Salazar | B22: 3 | C22: =Crescimento!D8+Crescimento!B15*MAX(0,MIN(Crescimento!$B$17,3)-1) -> 32 | D22: =Crescimento!E8+Crescimento!C15*MAX(0,MIN(Crescimento!$B$17,3)-1) -> 4 | E22: =Crescimento!F8+Crescimento!D15*MAX(0,MIN(Crescimento!$B$17,3)-1) -> 12 | F22: =Crescimento!G8+Crescimento!E15*MAX(0,MIN(Crescimento!$B$17,3)-1) -> 3 | G22: =Crescimento!H8+Crescimento!F15*MAX(0,MIN(Crescimento!$B$17,3)-1) -> 8 | H22: =Crescimento!I8 -> 3
A23: =Crescimento!A8 -> Salazar | B23: 4 | C23: =Crescimento!D8+Crescimento!B15*MAX(0,MIN(Crescimento!$B$17,4)-1) -> 35 | D23: =Crescimento!E8+Crescimento!C15*MAX(0,MIN(Crescimento!$B$17,4)-1) -> 4 | E23: =Crescimento!F8+Crescimento!D15*MAX(0,MIN(Crescimento!$B$17,4)-1) -> 14 | F23: =Crescimento!G8+Crescimento!E15*MAX(0,MIN(Crescimento!$B$17,4)-1) -> 3 | G23: =Crescimento!H8+Crescimento!F15*MAX(0,MIN(Crescimento!$B$17,4)-1) -> 9 | H23: =Crescimento!I8 -> 3
A24: =Crescimento!A8 -> Salazar | B24: 5 | C24: =Crescimento!D8+Crescimento!B15*MAX(0,MIN(Crescimento!$B$17,5)-1) -> 38 | D24: =Crescimento!E8+Crescimento!C15*MAX(0,MIN(Crescimento!$B$17,5)-1) -> 4 | E24: =Crescimento!F8+Crescimento!D15*MAX(0,MIN(Crescimento!$B$17,5)-1) -> 16 | F24: =Crescimento!G8+Crescimento!E15*MAX(0,MIN(Crescimento!$B$17,5)-1) -> 3 | G24: =Crescimento!H8+Crescimento!F15*MAX(0,MIN(Crescimento!$B$17,5)-1) -> 10 | H24: =Crescimento!I8 -> 3
A26: Laranja: nível em que a habilidade extra destrava (Neera nv 3 — segundo uso; Voss nv 4 — Relâmpago).
A28: Ganho total do nível 1 ao 5
A29: Herói | B29: Δ HP | C29: Δ AT | D29: Δ MAG | E29: Δ DF | F29: Δ RES
A30: =A5 -> Kael | B30: =C9-C5 -> 16 | C30: =D9-D5 -> 8 | D30: =E9-E5 -> 0 | E30: =F9-F5 -> 4 | F30: =G9-G5 -> 0
A31: =A10 -> Neera | B31: =C14-C10 -> 12 | C31: =D14-D10 -> 8 | D31: =E14-E10 -> 0 | E31: =F14-F10 -> 4 | F31: =G14-G10 -> 0
A32: =A15 -> Voss | B32: =C19-C15 -> 12 | C32: =D19-D15 -> 0 | D32: =E19-E15 -> 8 | E32: =F19-F15 -> 0 | F32: =G19-G15 -> 4
A33: =A20 -> Salazar | B33: =C24-C20 -> 12 | C33: =D24-D20 -> 0 | D33: =E24-E20 -> 8 | E33: =F24-F20 -> 0 | F33: =G24-G20 -> 4

Sheet Habilidades
A1: Habilidades por herói
A2: Usos são por combate. Recarregam no início de cada missão.
A4: Herói | B4: Habilidade | C4: Destrava | D4: Usos nv 1–2 | E4: Usos nv 3+ | F4: Alcance | G4: Dano / cura | H4: Alvos | I4: Notas
A5: Kael | B5: Ataque | C5: Nv 1 | D5: — | E5: — | F5: 1 | G5: AT − DF do alvo (mín. 1); 8% crítico ×1,5 | H5: 1 inimigo | I5: Sem habilidade especial por enquanto. Contra-ataque se o alvo alcançar.
A6: Neera | B6: Ataque | C6: Nv 1 | D6: — | E6: — | F6: 2–3 | G6: AT − DF do alvo (mín. 1); 8% crítico ×1,5 | H6: 1 inimigo | I6: Arco padrão. Contra-ataque só se o alvo alcançar.
A7: Neera | B7: Tiro longo | C7: Nv 1 | D7: 1 | E7: 2 | F7: 2–6 | G7: AT + 1d8 | H7: 1 inimigo | I7: Dobra o alcance máximo. Contra-ataque só se o alvo ainda alcançar. Dois usos a partir do nv 3.
A8: Neera | B8: Tiro perfurante | C8: Nv 1 | D8: 1 | E8: 2 | F8: Reta da colmeia até a borda | G8: AT em cada um na linha | H8: Todos na reta (aliados e inimigos) | I8: Uma das seis direções hexagonais. Fogo amigo. Dois usos a partir do nv 3.
A9: Voss | B9: Ataque | C9: Nv 1 | D9: — | E9: — | F9: 1–2 | G9: MAG − RES do alvo (mín. 1) | H9: 1 inimigo | I9: Ataque mágico curto.
A10: Voss | B10: Bola de fogo | C10: Nv 1 | D10: 2 | E10: 2 | F10: 4 | G10: MAG − RES em cada um na área | H10: Área hex raio 2 (aliados e inimigos) | I10: Dois usos por combate em qualquer nível. Área larga, dano espalhado.
A11: Voss | B11: Relâmpago | C11: Nv 4 | D11: 0 | E11: 1 | F11: 4 | G11: MAG + 2d8 (2–16 extra) num só alvo | H11: 1 inimigo | I11: Dano concentrado. Só aparece no nv 4 ou mais. Um uso por combate.
A12: Salazar | B12: Ataque | C12: Nv 1 | D12: — | E12: — | F12: 1 | G12: AT − DF do alvo (mín. 1) | H12: 1 inimigo | I12: Corpo a corpo fraco. Sem poções — a cura vem das magias.
A13: Salazar | B13: Cura menor | C13: Nv 1 | D13: 2 | E13: 2 | F13: 1 | G13: 1d8+3 (4–11 HP) | H13: 1 aliado ferido | I13: Dois usos por combate. Alcance 1 hex.
A14: Salazar | B14: Cura simples | C14: Nv 1 | D14: 1 | E14: 1 | F14: 1 | G14: 3d8+3 (6–27 HP) | H14: 1 aliado ferido | I14: Um uso por combate. Cura pesada para quem chegou baixo.
A16: Poções (Kael, Neera, Voss): média 2d8+4 = 6–20 HP; fraca 1d8+2 = 3–10 HP. Começam com 2 de cada. Gastam a ação do turno. Salazar não carrega poções. Crítico de ataque: 8%, dano ×1,5. Inimigos: nv 2 a partir da Aldeia Queimada (cenário 3) e seguintes; nv 3 a partir do Templo de Asherah (cenário 6) e seguintes. Crescimento inimigo: +4 HP, +2 AT, +1 DF por nível.

Sheet Campanha
A1: Progressão na campanha
A2: Nível do herói sobe 1 após cada vitória (teto 5). Inimigos sobem em patamares fixos de mapa e não voltam atrás.
A4: # | B4: Missão | C4: Lugar | D4: Nv heróis (se começarem no 1) | E4: Nv inimigos | F4: Notas
A5: 1 | B5: O Vau | C5: Rio de cinza | D5: 1 | E5: 1 | F5: Três heróis. Sem Salazar.
A6: 2 | B6: Bosque Morto | C6: Troncos secos | D6: 2 | E6: 1 | F6: Ainda sem Salazar.
A7: 3 | B7: Aldeia Queimada | C7: Casario em ruína | D7: 3 | E7: 2 | F7: Neera passa a 2 usos. Fogo no chão (1d8). Piqueiros alcance 2.
A8: 4 | B8: Muralha Rasa | C8: Porta da fortaleza | D8: 4 | E8: 2 | F8: Voss destrava Relâmpago se chegou ao nv 4.
A9: 5 | B9: Fortaleza de Cinzas | C9: Pátio interior | D9: 5 | E9: 2 | F9: Chefe: capitão. Vitória ao derrubar o chefe.
A10: 6 | B10: Templo de Asherah | C10: Nave invertida | D10: 5 | E10: 3 | F10: Salazar entra. Asherah + feiticeiros. Inimigos nv 3.
A11: 7 | B11: Cripta de Cinzas | C11: Sob o templo | D11: 5 | E11: 3 | F11: Inimigos permanecem nv 3 até novo aviso.
A13: A coluna de nível dos heróis assume campanha contínua a partir do nv 1, +1 por vitória. No modo teste o jogo usa nv = índice da missão + 1 (Aldeia já nv 3; Fortaleza nv 5). Save: 5 slots. O último usado carrega por padrão. Save no meio do combate grava o começo do combate, não o estado atual. Load existe em Opções.
